dataset,earliness_factor,ptsepsilon,warmup_steps,drop_probability,accuracy,earliness
Coffee,0.75,0,20,0.75,1.0,1.0
CricketX,0.25,10,5,0.75,0.7333333333333333,1.0
MedicalImages,0.75,0,20,0.25,0.7618421052631579,1.0
Trace,0.25,0,20,0.5,0.72,0.19448879764801297
Lightning2,0.5,0,20,0.5,0.7704918032786885,1.0
SonyAIBORobotSurface2,0.5,10,5,0.25,0.863588667366212,0.29912195038377193
Yoga,0.75,0,20,0.75,0.5416666666666666,0.013292843733237974
CinCECGTorso,0.25,0,20,0.75,0.3717391304347826,0.09043917116833784
SonyAIBORobotSurface1,0.75,0,20,0.25,0.9700499168053245,1.0
SonyAIBORobotSurface1,0.5,0,20,0.75,0.9334442595673876,0.2110951086956522
TwoLeadECG,0.5,0,20,0.25,0.9947322212467077,0.45100644853277383
WordSynonyms,0.75,0,20,0.5,0.64576802507837,1.0
Fish,0.25,0,20,0.5,0.8857142857142857,0.44694786965398664
MoteStrain,0.75,0,20,0.75,0.884185303514377,1.0
Adiac,0.25,0,20,0.5,0.6521739130434783,1.0
InlineSkate,0.25,10,5,0.25,0.2309090909090909,0.1488256584776668
Trace,0.25,10,5,0.5,0.72,0.22514002939983785
OSULeaf,0.5,0,20,0.75,0.7231404958677686,1.0
ECG200,0.25,0,5,0.25,0.83,0.17307200292397662
UWaveGestureLibraryY,0.5,0,20,0.75,0.7158012283640425,1.0
Adiac,0.25,10,5,0.5,0.7237851662404092,0.5768148688046647
OliveOil,0.5,0,20,0.25,0.4,0.02243702401874634
SwedishLeaf,0.25,0,20,0.75,0.9168,1.0
SwedishLeaf,0.75,0,20,0.5,0.9184,1.0
Fish,0.25,10,5,0.25,0.8857142857142857,0.470236656074422
NonInvasiveFatalECGThorax2,0.75,0,20,0.75,0.927735368956743,1.0
OSULeaf,0.75,0,20,0.25,0.7396694214876033,1.0
ItalyPowerDemand,0.25,0,20,0.5,0.5792031098153547,0.05212595907928389
TwoLeadECG,0.75,0,20,0.25,0.9947322212467077,1.0
Trace,0.75,0,20,0.75,1.0,1.0
SonyAIBORobotSurface2,0.5,0,20,0.5,0.863588667366212,1.0
UWaveGestureLibraryX,0.5,0,20,0.75,0.8137911781127861,1.0
CBF,0.25,0,20,0.75,0.8366666666666667,0.25720964566929133
CricketY,0.5,10,5,0.25,0.7230769230769231,1.0
Trace,0.75,0,20,0.25,1.0,1.0
SyntheticControl,0.5,0,20,0.75,0.99,1.0
ItalyPowerDemand,0.5,0,20,0.75,0.9455782312925171,1.0
SwedishLeaf,0.5,0,20,0.75,0.9232,1.0
Lightning7,0.75,0,20,0.25,0.8767123287671232,1.0
ItalyPowerDemand,0.25,0,20,0.25,0.5957240038872692,0.1197969948849105
TwoLeadECG,0.25,0,20,0.5,0.4995610184372256,0.0
DiatomSizeReduction,0.75,0,20,0.5,0.9607843137254902,1.0
TwoPatterns,0.25,0,20,0.5,0.99925,1.0
ECG200,0.5,10,5,0.25,0.81,0.24201388888888886
GunPoint,0.75,0,20,0.75,0.96,1.0
SyntheticControl,0.25,0,20,0.75,0.99,1.0
Symbols,0.25,0,20,0.75,0.7939698492462312,0.291977006679561
Wafer,0.5,0,20,0.5,0.9978909798831928,1.0
TwoLeadECG,0.25,0,5,0.25,0.4995610184372256,0.0
CricketX,0.5,0,20,0.75,0.7692307692307693,1.0
UWaveGestureLibraryX,0.75,0,20,0.5,0.8098827470686767,1.0
SonyAIBORobotSurface1,0.25,0,20,0.5,0.8735440931780366,0.15663586956521738
CinCECGTorso,0.75,0,20,0.5,0.6615942028985508,1.0
WordSynonyms,0.25,10,5,0.5,0.5658307210031348,0.6439710996522365
NonInvasiveFatalECGThorax1,0.75,0,20,0.75,0.9114503816793893,1.0
OSULeaf,0.75,0,20,0.75,0.7520661157024794,1.0
CricketX,0.75,0,20,0.75,0.7743589743589744,1.0
MedicalImages,0.5,0,20,0.25,0.7473684210526316,1.0
OliveOil,0.25,0,20,0.5,0.4,0.0
DiatomSizeReduction,0.25,10,5,0.25,0.9117647058823529,0.24010174418604652
MedicalImages,0.25,10,5,0.75,0.6973684210526315,0.3406902939747327
ECG200,0.75,0,20,0.5,0.87,1.0
Fish,0.5,0,20,0.75,0.9085714285714286,1.0
Lightning2,0.5,0,20,0.75,0.6557377049180327,0.06900195896484174
UWaveGestureLibraryY,0.25,10,5,0.5,0.6217197096594081,0.5710056016833486
Coffee,0.25,10,5,0.5,0.4642857142857143,0.0
Symbols,0.25,10,5,0.5,0.8251256281407036,0.29797300906351204
Adiac,0.5,0,20,0.25,0.6086956521739131,1.0
ItalyPowerDemand,0.25,0,5,0.25,0.49854227405247814,0.00011988491048593351
UWaveGestureLibraryZ,0.25,10,5,0.75,0.6574539363484088,0.5172715321296486
FaceAll,0.5,0,20,0.25,0.8284023668639053,1.0
InlineSkate,0.75,0,20,0.5,0.27636363636363637,1.0
GunPoint,0.25,10,5,0.75,0.49333333333333335,0.0
SyntheticControl,0.25,10,5,0.75,0.9,0.35512326656394444
MedicalImages,0.25,10,5,0.5,0.7223684210526315,0.34398156584062195
CinCECGTorso,0.5,0,20,0.25,0.658695652173913,1.0
GunPoint,0.25,0,20,0.5,0.49333333333333335,6.991051454138702e-05
InlineSkate,0.5,0,20,0.5,0.2636363636363636,1.0
TwoLeadECG,0.5,0,20,0.75,0.543459174714662,0.07706068109685574
OSULeaf,0.25,10,5,0.25,0.5909090909090909,0.43168097124413146
Beef,0.5,0,20,0.25,0.7,1.0
Coffee,0.25,0,20,0.5,0.4642857142857143,0.0006265664160401002
Coffee,0.75,0,20,0.5,1.0,1.0
Symbols,0.75,0,20,0.75,0.9316582914572864,1.0
Lightning2,0.25,10,5,0.25,0.5409836065573771,0.0
Symbols,0.5,0,20,0.75,0.9256281407035176,1.0
TwoPatterns,0.5,0,20,0.5,0.99925,1.0
Beef,0.25,10,5,0.25,0.2,0.0
UWaveGestureLibraryX,0.25,10,5,0.25,0.7814070351758794,1.0
ECGFiveDays,0.75,0,20,0.75,1.0,1.0
UWaveGestureLibraryY,0.5,10,5,0.25,0.6834170854271356,1.0
TwoLeadECG,0.25,10,5,0.5,0.4995610184372256,0.0
UWaveGestureLibraryX,0.25,0,20,0.5,0.8096035734226689,1.0
NonInvasiveFatalECGThorax1,0.75,0,20,0.25,0.9384223918575063,1.0
ECG200,0.25,0,20,0.75,0.64,0.0
Fish,0.25,0,20,0.75,0.8857142857142857,0.48263720986460346
FaceFour,0.5,0,20,0.25,0.9090909090909091,1.0
UWaveGestureLibraryZ,0.75,0,20,0.5,0.7551647124511446,1.0
Lightning7,0.5,0,20,0.25,0.8493150684931506,1.0
SyntheticControl,0.5,0,20,0.25,0.9933333333333333,1.0
TwoLeadECG,0.25,10,5,0.25,0.4995610184372256,0.0
WordSynonyms,0.5,0,20,0.75,0.6551724137931034,1.0
Symbols,0.5,0,20,0.25,0.9487437185929648,1.0
ECGFiveDays,0.25,10,5,0.5,0.49709639953542395,0.0
Coffee,0.5,0,20,0.25,1.0,1.0
CBF,0.25,10,5,0.75,0.7988888888888889,0.27591043307086616
FaceFour,0.5,0,20,0.5,0.9090909090909091,1.0
Fish,0.5,0,20,0.25,0.9257142857142857,1.0
UWaveGestureLibraryZ,0.75,0,20,0.25,0.756002233389168,1.0
CBF,0.25,0,5,0.25,0.7011111111111111,0.19183070866141735
SwedishLeaf,0.5,0,20,0.5,0.9328,1.0
GunPoint,0.25,10,5,0.5,0.49333333333333335,0.0
WordSynonyms,0.75,0,20,0.25,0.6849529780564263,1.0
CricketZ,0.25,0,20,0.5,0.7769230769230769,1.0
MoteStrain,0.5,0,20,0.25,0.8194888178913738,0.29068461345381524
Lightning2,0.75,0,20,0.25,0.7540983606557377,1.0
SwedishLeaf,0.5,0,20,0.25,0.9312,1.0
FaceAll,0.25,10,5,0.5,0.8822485207100592,0.36130492548761783
ECGFiveDays,0.75,0,20,0.5,1.0,1.0
CricketZ,0.5,0,20,0.75,0.7717948717948718,1.0
NonInvasiveFatalECGThorax2,0.5,0,20,0.75,0.9236641221374046,1.0
TwoLeadECG,0.5,0,20,0.5,0.9964881474978051,0.4888260173754
Trace,0.5,0,20,0.25,1.0,1.0
ItalyPowerDemand,0.5,0,20,0.25,0.9611273080660836,1.0
SonyAIBORobotSurface2,0.25,0,20,0.5,0.8541448058761805,0.2646213107638889
MedicalImages,0.5,0,20,0.75,0.7578947368421053,1.0
FaceFour,0.75,0,20,0.25,0.9090909090909091,1.0
ItalyPowerDemand,0.25,10,5,0.25,0.5014577259475219,0.00011988491048593351
Trace,0.5,0,20,0.5,1.0,1.0
Wafer,0.25,10,5,0.75,0.8921155094094744,0.0
SyntheticControl,0.75,0,20,0.25,0.9933333333333333,1.0
Coffee,0.25,0,5,0.25,0.4642857142857143,0.0
MoteStrain,0.25,0,20,0.5,0.7787539936102237,0.271572749330656
UWaveGestureLibraryY,0.75,0,20,0.5,0.7227805695142379,1.0
ECG200,0.5,0,20,0.25,0.88,1.0
TwoLeadECG,0.75,0,20,0.75,0.9973661106233538,1.0
MoteStrain,0.25,0,20,0.75,0.5391373801916933,0.0
GunPoint,0.75,0,20,0.5,0.9733333333333334,1.0
CinCECGTorso,0.25,10,5,0.25,0.6260869565217392,0.5278637257803923
Symbols,0.25,0,20,0.5,0.8371859296482412,0.29317418304695936
SonyAIBORobotSurface2,0.25,10,5,0.25,0.8467995802728226,0.26210594846491225
Mallat,0.25,10,5,0.75,0.9185501066098081,1.0
DiatomSizeReduction,0.75,0,20,0.25,0.9738562091503268,1.0
CBF,0.75,0,20,0.25,0.9888888888888889,1.0
DiatomSizeReduction,0.25,10,5,0.5,0.9052287581699346,0.2519000726744186
Lightning7,0.25,10,5,0.75,0.8082191780821918,0.7263468509783368
MedicalImages,0.25,10,5,0.25,0.7342105263157894,0.33218309645286687
ItalyPowerDemand,0.5,0,20,0.5,0.9620991253644315,1.0
FiftyWords,0.5,0,20,0.75,0.7670329670329671,1.0
FiftyWords,0.25,10,5,0.75,0.6923076923076923,1.0
ItalyPowerDemand,0.25,10,5,0.75,0.6054421768707483,0.17669437340153454
CricketZ,0.25,0,20,0.75,0.7717948717948718,1.0
MoteStrain,0.25,10,5,0.5,0.8027156549520766,0.28803861278447124
Lightning7,0.25,0,20,0.75,0.8356164383561644,1.0
Symbols,0.5,0,20,0.5,0.928643216080402,1.0
CricketY,0.25,0,20,0.5,0.7410256410256411,1.0
CricketX,0.5,0,20,0.25,0.7717948717948718,1.0
SyntheticControl,0.75,0,20,0.75,0.9933333333333333,1.0
Haptics,0.25,10,5,0.75,0.461038961038961,0.39973141260664175
SyntheticControl,0.5,0,20,0.5,0.9933333333333333,1.0
Coffee,0.25,10,5,0.75,0.5357142857142857,0.0
Wafer,0.25,10,5,0.25,0.8921155094094744,0.0
Adiac,0.75,0,20,0.25,0.659846547314578,1.0
SonyAIBORobotSurface2,0.5,0,20,0.75,0.869884575026233,1.0
Beef,0.75,0,20,0.5,0.6666666666666666,1.0
Lightning2,0.25,0,20,0.5,0.5409836065573771,0.0
Coffee,0.25,10,5,0.25,0.4642857142857143,0.0
Adiac,0.5,0,20,0.75,0.5907928388746803,1.0
SonyAIBORobotSurface1,0.75,0,20,0.75,0.9667221297836939,1.0
CricketX,0.5,10,5,0.25,0.7487179487179487,1.0
Haptics,0.5,0,20,0.5,0.5,1.0
CricketX,0.75,0,20,0.25,0.7717948717948718,1.0
CricketZ,0.25,10,5,0.5,0.7512820512820513,0.5144380076445294
Lightning2,0.25,0,20,0.75,0.5409836065573771,0.0
SyntheticControl,0.75,0,20,0.5,0.9933333333333333,1.0
DiatomSizeReduction,0.25,0,20,0.75,0.9509803921568627,0.22803888081395346
FaceAll,0.25,0,20,0.75,0.8,1.0
ItalyPowerDemand,0.25,10,5,0.5,0.6676384839650146,0.24931265984654735
SwedishLeaf,0.25,0,20,0.5,0.9328,1.0
Symbols,0.25,10,5,0.75,0.8010050251256281,0.2960792719953221
Wafer,0.25,10,5,0.5,0.8921155094094744,0.0
ECGFiveDays,0.75,0,20,0.25,0.9988385598141696,1.0
Adiac,0.25,10,5,0.75,0.6982097186700768,1.0
WordSynonyms,0.75,0,20,0.75,0.6520376175548589,1.0
CinCECGTorso,0.75,0,20,0.25,0.6630434782608695,1.0
UWaveGestureLibraryZ,0.75,0,20,0.75,0.7568397543271915,1.0
GunPoint,0.25,0,5,0.25,0.49333333333333335,0.0
UWaveGestureLibraryZ,0.25,10,5,0.5,0.6834170854271356,0.5588686688686929
CinCECGTorso,0.25,10,5,0.75,0.24855072463768116,0.0
OliveOil,0.5,0,20,0.5,0.4,0.025717633274751024
CricketY,0.5,0,20,0.75,0.7435897435897436,1.0
WordSynonyms,0.25,10,5,0.25,0.5862068965517241,0.6164548731862334
Fish,0.75,0,20,0.25,0.9314285714285714,1.0
MoteStrain,0.5,0,20,0.5,0.8394568690095847,0.3351959923025435
FiftyWords,0.25,0,20,0.75,0.7648351648351648,1.0
ECGFiveDays,0.25,0,5,0.25,0.49709639953542395,0.0
ChlorineConcentration,0.25,10,5,0.5,0.5557291666666667,0.17357638888888888
SwedishLeaf,0.25,10,5,0.5,0.8688,0.46461639281696937
GunPoint,0.5,0,20,0.25,0.9533333333333334,1.0
TwoLeadECG,0.25,0,20,0.75,0.4995610184372256,0.0
ItalyPowerDemand,0.75,0,20,0.25,0.9620991253644315,1.0
StarLightCurves,0.75,0,20,0.75,0.9662457503642545,1.0
ECGFiveDays,0.25,0,20,0.75,0.49709639953542395,0.0
Adiac,0.25,0,20,0.75,0.578005115089514,1.0
Fish,0.25,10,5,0.75,0.8742857142857143,0.49017075197261367
NonInvasiveFatalECGThorax2,0.75,0,20,0.25,0.9307888040712469,1.0
CBF,0.5,0,20,0.25,0.99,1.0
FiftyWords,0.25,10,5,0.25,0.701098901098901,1.0
FacesUCR,0.25,10,5,0.5,0.744390243902439,0.4423040501165501
FaceFour,0.25,0,20,0.75,0.8977272727272727,1.0
ChlorineConcentration,0.25,10,5,0.25,0.5325520833333334,3.1565656565656566e-06
Wafer,0.75,0,20,0.25,0.9975665152498377,1.0
Lightning7,0.25,0,20,0.5,0.8493150684931506,1.0
FiftyWords,0.75,0,20,0.25,0.7758241758241758,1.0
SwedishLeaf,0.75,0,20,0.75,0.9184,1.0
Symbols,0.25,0,5,0.25,0.8231155778894472,0.2639676901538323
ItalyPowerDemand,0.75,0,20,0.5,0.9251700680272109,1.0
CricketY,0.75,0,20,0.25,0.7564102564102564,1.0
OliveOil,0.25,0,20,0.25,0.4,0.01107205623901582
NonInvasiveFatalECGThorax1,0.5,0,20,0.5,0.9338422391857506,1.0
DiatomSizeReduction,0.5,0,20,0.25,0.9771241830065359,1.0
FaceAll,0.25,10,5,0.25,0.8887573964497042,0.32706313006793775
Adiac,0.5,10,5,0.25,0.7340153452685422,1.0
TwoLeadECG,0.25,10,5,0.75,0.4995610184372256,0.0
CricketZ,0.25,10,5,0.75,0.7692307692307693,1.0
Yoga,0.75,0,20,0.25,0.809,0.36790262381548355
Wafer,0.75,0,20,0.75,0.9982154445165476,1.0
SonyAIBORobotSurface1,0.75,0,20,0.5,0.9717138103161398,1.0
Adiac,0.75,0,20,0.5,0.6777493606138107,1.0
Yoga,0.5,0,20,0.25,0.5356666666666666,1.5644555694618272e-06
SonyAIBORobotSurface2,0.75,0,20,0.25,0.863588667366212,1.0
Haptics,0.75,0,20,0.75,0.4772727272727273,1.0
Coffee,0.75,0,20,0.25,1.0,1.0
ChlorineConcentration,0.75,0,20,0.25,0.64296875,1.0
TwoPatterns,0.25,10,5,0.5,0.63725,0.5836125953005875
Fish,0.5,0,20,0.5,0.9142857142857143,1.0
SonyAIBORobotSurface1,0.5,0,20,0.25,0.848585690515807,0.15045561594202894
CBF,0.5,0,20,0.75,0.9777777777777777,1.0
Adiac,0.25,10,5,0.25,0.7391304347826086,0.5796373906705539
SonyAIBORobotSurface2,0.5,0,20,0.25,0.8656873032528857,1.0
FaceAll,0.25,0,20,0.5,0.7893491124260354,1.0
FaceFour,0.75,0,20,0.5,0.9090909090909091,1.0
GunPoint,0.5,10,5,0.25,0.5066666666666667,0.0
GunPoint,0.5,0,20,0.5,0.9733333333333334,1.0
Mallat,0.5,0,20,0.25,0.9616204690831557,1.0
CricketY,0.75,0,20,0.75,0.7076923076923077,1.0
ECG200,0.25,10,5,0.25,0.81,0.227046783625731
DiatomSizeReduction,0.25,10,5,0.75,0.9444444444444444,0.29664571220930236
MoteStrain,0.25,0,5,0.25,0.7907348242811502,0.24113328313253013
Lightning2,0.75,0,20,0.5,0.7868852459016393,1.0
NonInvasiveFatalECGThorax1,0.75,0,20,0.5,0.932824427480916,1.0
SonyAIBORobotSurface1,0.25,10,5,0.25,0.8768718801996672,0.13337952898550726
CricketZ,0.25,10,5,0.25,0.7487179487179487,0.4957298136645963
MoteStrain,0.5,0,20,0.75,0.8769968051118211,1.0
FacesUCR,0.25,0,20,0.5,0.9331707317073171,1.0
FaceFour,0.25,10,5,0.75,0.7272727272727273,0.24127716093600765
CBF,0.5,0,20,0.5,0.98,1.0
ECG200,0.5,0,20,0.5,0.85,1.0
Haptics,0.25,0,20,0.75,0.37337662337662336,0.24268534513149548
OSULeaf,0.25,0,20,0.75,0.7520661157024794,1.0
CinCECGTorso,0.25,0,20,0.5,0.7217391304347827,0.488235674433591
WordSynonyms,0.25,0,20,0.5,0.6598746081504702,1.0
ECGFiveDays,0.25,10,5,0.25,0.49709639953542395,0.0
DiatomSizeReduction,0.5,0,20,0.75,0.9019607843137255,1.0
SwedishLeaf,0.75,0,20,0.25,0.9168,1.0
GunPoint,0.25,0,20,0.75,0.5066666666666667,0.0
Lightning2,0.25,10,5,0.75,0.5409836065573771,0.0
CricketX,0.5,0,20,0.5,0.7897435897435897,1.0
UWaveGestureLibraryY,0.75,0,20,0.75,0.7188721384701284,1.0
ChlorineConcentration,0.25,0,20,0.75,0.5325520833333334,1.5782828282828283e-06
Coffee,0.5,0,20,0.5,1.0,1.0
ChlorineConcentration,0.25,0,20,0.5,0.5325520833333334,1.5782828282828283e-06
Yoga,0.25,10,5,0.25,0.5366666666666666,0.00024014392991239048
TwoPatterns,0.75,0,20,0.25,0.99875,1.0
FaceAll,0.5,0,20,0.75,0.806508875739645,1.0
SonyAIBORobotSurface1,0.25,0,5,0.25,0.8602329450915142,0.13786865942028986
Lightning7,0.25,10,5,0.5,0.8493150684931506,0.7061195186932215
MedicalImages,0.5,0,20,0.5,0.75,1.0
DiatomSizeReduction,0.5,0,20,0.5,0.9477124183006536,1.0
GunPoint,0.25,10,5,0.25,0.5066666666666667,0.0
SyntheticControl,0.25,0,5,0.25,0.9933333333333333,1.0
ECG200,0.25,0,20,0.5,0.82,0.1727247807017544
ECG200,0.5,0,20,0.75,0.85,1.0
SonyAIBORobotSurface1,0.25,0,20,0.75,0.8951747088186356,0.17332971014492754
OSULeaf,0.25,10,5,0.75,0.7231404958677686,1.0
SonyAIBORobotSurface1,0.25,10,5,0.25,0.8768718801996672,0.13337952898550726
UWaveGestureLibraryX,0.5,0,20,0.25,0.8112786152987158,1.0
CBF,0.25,10,5,0.25,0.7566666666666667,0.2142634514435696
Lightning2,0.5,10,5,0.25,0.5409836065573771,0.0
FacesUCR,0.25,10,5,0.25,0.8414634146341463,1.0
FaceAll,0.5,0,20,0.5,0.7893491124260354,1.0
ECGFiveDays,0.5,0,20,0.5,1.0,1.0
FaceAll,0.75,0,20,0.5,0.7792899408284024,1.0
SwedishLeaf,0.5,10,5,0.25,0.9296,1.0
FacesUCR,0.5,0,20,0.25,0.9341463414634147,1.0
TwoLeadECG,0.25,10,5,0.25,0.4995610184372256,0.0
ECGFiveDays,0.25,0,20,0.5,0.49709639953542395,0.0
WordSynonyms,0.5,0,20,0.25,0.664576802507837,1.0
OliveOil,0.25,0,5,0.25,0.4,0.003632103104862331
CricketY,0.25,10,5,0.75,0.7025641025641025,1.0
Beef,0.25,0,20,0.25,0.6666666666666666,1.0
FacesUCR,0.25,10,5,0.75,0.8673170731707317,1.0
Trace,0.75,0,20,0.5,1.0,1.0
MedicalImages,0.25,0,20,0.5,0.75,1.0
UWaveGestureLibraryZ,0.5,0,20,0.5,0.7518146286990508,1.0
Symbols,0.5,10,5,0.25,0.8532663316582915,0.3330200414942425
FiftyWords,0.75,0,20,0.5,0.7714285714285715,1.0
CricketY,0.75,0,20,0.5,0.7128205128205128,1.0
CricketZ,0.75,0,20,0.5,0.8025641025641026,1.0
CricketY,0.25,0,20,0.75,0.7410256410256411,1.0
FiftyWords,0.25,0,20,0.5,0.778021978021978,1.0
CricketX,0.75,0,20,0.5,0.7743589743589744,1.0
OliveOil,0.75,0,20,0.75,0.4,0.12056239015817223
CBF,0.75,0,20,0.5,0.9833333333333333,1.0
FiftyWords,0.25,10,5,0.5,0.643956043956044,0.5815510073685609
MoteStrain,0.25,0,5,0.25,0.7907348242811502,0.24113328313253013
NonInvasiveFatalECGThorax2,0.75,0,20,0.5,0.9424936386768448,1.0
Symbols,0.75,0,20,0.25,0.9407035175879397,1.0
ECGFiveDays,0.25,10,5,0.75,0.49709639953542395,0.0
Yoga,0.5,0,20,0.75,0.5356666666666666,0.0
MoteStrain,0.75,0,20,0.5,0.8698083067092651,1.0
FaceFour,0.25,0,20,0.5,0.9090909090909091,1.0
SonyAIBORobotSurface1,0.5,0,20,0.5,0.870216306156406,0.17458152173913044
CricketX,0.25,0,20,0.75,0.7564102564102564,1.0
MedicalImages,0.25,0,20,0.75,0.75,1.0
CBF,0.25,0,20,0.5,0.7288888888888889,0.20862040682414698
ChlorineConcentration,0.5,0,20,0.25,0.5604166666666667,0.1246859217171717
SonyAIBORobotSurface2,0.75,0,20,0.5,0.8646379853095488,1.0
Haptics,0.25,10,5,0.25,0.41883116883116883,0.3735885390961009
ECGFiveDays,0.5,0,20,0.75,1.0,1.0
CricketX,0.25,10,5,0.25,0.7102564102564103,0.4848204331899983
Fish,0.75,0,20,0.75,0.92,1.0
OSULeaf,0.5,0,20,0.5,0.7603305785123967,1.0
Trace,0.25,0,20,0.75,0.72,0.1957813767234388
Beef,0.25,0,20,0.5,0.5333333333333333,1.0
Lightning2,0.25,10,5,0.5,0.5409836065573771,0.0
UWaveGestureLibraryX,0.25,10,5,0.75,0.7613065326633166,1.0
MedicalImages,0.75,0,20,0.5,0.7355263157894737,1.0
CBF,0.75,0,20,0.75,0.9744444444444444,1.0
ChlorineConcentration,0.25,10,5,0.75,0.5325520833333334,3.1565656565656566e-06
CBF,0.25,0,20,0.25,0.6644444444444444,0.18764763779527563
SonyAIBORobotSurface2,0.25,10,5,0.5,0.8667366211962224,0.2839489674707602
OliveOil,0.25,10,5,0.5,0.4,0.0
OSULeaf,0.75,0,20,0.5,0.7727272727272727,1.0
SonyAIBORobotSurface2,0.25,10,5,0.75,0.8803777544596013,0.30762318393640353
TwoPatterns,0.25,10,5,0.25,0.57175,0.5378976065491813
Wafer,0.5,0,20,0.75,0.9978909798831928,1.0
FaceAll,0.75,0,20,0.25,0.7928994082840237,1.0
Yoga,0.75,0,20,0.5,0.8183333333333334,0.3749057974253531
UWaveGestureLibraryX,0.75,0,20,0.25,0.8115577889447236,1.0
CricketY,0.25,10,5,0.5,0.676923076923077,0.5495923913043478
TwoPatterns,0.25,10,5,0.75,0.25875,9.764404449443819e-06
FaceAll,0.75,0,20,0.75,0.8088757396449704,1.0
OliveOil,0.5,0,20,0.75,0.4,0.060046865846514356
Beef,0.25,10,5,0.75,0.2,0.0
Haptics,0.5,0,20,0.25,0.487012987012987,1.0
CricketZ,0.5,0,20,0.25,0.7692307692307693,1.0
SyntheticControl,0.25,0,20,0.5,0.9933333333333333,1.0
SonyAIBORobotSurface2,0.75,0,20,0.75,0.8719832109129066,1.0
MoteStrain,0.5,10,5,0.25,0.8146964856230032,0.3148510709504685
OliveOil,0.25,0,20,0.75,0.4,0.00919742237844171
SyntheticControl,0.25,10,5,0.25,0.88,0.32723902157164864
Wafer,0.25,0,20,0.75,0.8921155094094744,0.0
UWaveGestureLibraryY,0.25,10,5,0.25,0.6267448352875489,0.576796899077974
TwoPatterns,0.5,0,20,0.75,0.9985,1.0
FaceFour,0.5,10,5,0.25,0.6363636363636364,0.2105047158548233
MedicalImages,0.75,0,20,0.75,0.7473684210526316,1.0
Lightning2,0.5,0,20,0.25,0.819672131147541,1.0
NonInvasiveFatalECGThorax1,0.5,0,20,0.75,0.917557251908397,1.0
Adiac,0.5,0,20,0.5,0.680306905370844,1.0
GunPoint,0.75,0,20,0.25,0.9533333333333334,1.0
FaceFour,0.25,0,5,0.25,0.9090909090909091,1.0
Beef,0.25,0,20,0.75,0.2,0.0
ItalyPowerDemand,0.25,0,20,0.75,0.49951409135082603,0.008831521739130436
Beef,0.25,10,5,0.5,0.2,0.0
InlineSkate,0.75,0,20,0.75,0.2290909090909091,1.0
CricketZ,0.75,0,20,0.25,0.7538461538461538,1.0
CinCECGTorso,0.75,0,20,0.75,0.6297101449275362,1.0
Mallat,0.25,0,20,0.5,0.9603411513859275,1.0
Beef,0.5,10,5,0.25,0.6666666666666666,0.612579957356077
ECG200,0.75,0,20,0.75,0.87,1.0
CricketX,0.25,0,20,0.25,0.7769230769230769,1.0
Mallat,0.5,0,20,0.5,0.962046908315565,1.0
Adiac,0.75,0,20,0.75,0.59846547314578,1.0
UWaveGestureLibraryY,0.5,0,20,0.25,0.7191513121161363,1.0
Mallat,0.25,10,5,0.25,0.5970149253731343,0.3313455870128766
TwoPatterns,0.75,0,20,0.5,0.999,1.0
OliveOil,0.75,0,20,0.5,0.6,1.0
Fish,0.75,0,20,0.5,0.9142857142857143,1.0
OSULeaf,0.5,0,20,0.25,0.7148760330578512,1.0
Symbols,0.25,10,5,0.25,0.8321608040201005,0.28043065738575024
ItalyPowerDemand,0.5,10,5,0.25,0.9193391642371235,1.0
CBF,0.25,10,5,0.25,0.7566666666666667,0.2142634514435696
SonyAIBORobotSurface2,0.25,10,5,0.25,0.8467995802728226,0.26210594846491225
MoteStrain,0.25,10,5,0.25,0.810702875399361,0.262626547858099
DiatomSizeReduction,0.25,0,20,0.5,0.9477124183006536,0.2089712936046512
UWaveGestureLibraryY,0.5,0,20,0.5,0.724176437744277,1.0
Lightning7,0.5,0,20,0.5,0.8767123287671232,1.0
Yoga,0.25,0,20,0.75,0.5356666666666666,0.0
ECGFiveDays,0.5,0,20,0.25,0.9988385598141696,1.0
CBF,0.5,10,5,0.25,0.8444444444444444,0.25702919947506564
Trace,0.25,10,5,0.75,0.72,0.23199893552311435
Yoga,0.5,0,20,0.5,0.5356666666666666,0.0
SonyAIBORobotSurface1,0.25,0,5,0.25,0.8602329450915142,0.13786865942028986
ChlorineConcentration,0.5,0,20,0.5,0.56328125,0.14259943181818183
Yoga,0.25,10,5,0.75,0.5356666666666666,1.5644555694618272e-06
SyntheticControl,0.25,10,5,0.5,0.89,0.33510689522342063
SonyAIBORobotSurface2,0.25,0,5,0.25,0.8394543546694648,0.2298239903143275
Beef,0.5,0,20,0.5,0.6666666666666666,1.0
ChlorineConcentration,0.75,0,20,0.5,0.63046875,1.0
Mallat,0.25,10,5,0.5,0.6119402985074627,0.3460732039975746
FacesUCR,0.75,0,20,0.5,0.937560975609756,1.0
TwoPatterns,0.25,0,20,0.75,0.99975,1.0
CBF,0.25,10,5,0.5,0.7933333333333333,0.24613681102362203
WordSynonyms,0.5,0,20,0.5,0.6520376175548589,1.0
Wafer,0.25,0,20,0.5,0.8921155094094744,0.0
OSULeaf,0.25,10,5,0.5,0.6115702479338843,0.46389121185446003
CinCECGTorso,0.25,10,5,0.5,0.5804347826086956,0.44888281086197757
FacesUCR,0.75,0,20,0.25,0.9326829268292683,1.0
TwoLeadECG,0.25,0,5,0.25,0.4995610184372256,0.0
GunPoint,0.5,0,20,0.75,0.9733333333333334,1.0
UWaveGestureLibraryZ,0.5,0,20,0.25,0.7565605806811837,1.0
WordSynonyms,0.25,0,20,0.75,0.6551724137931034,1.0
Mallat,0.75,0,20,0.75,0.9594882729211087,1.0
ChlorineConcentration,0.5,0,20,0.75,0.5377604166666666,0.017815656565656566
WordSynonyms,0.5,10,5,0.25,0.6191222570532915,1.0
SonyAIBORobotSurface2,0.25,0,5,0.25,0.8394543546694648,0.2298239903143275
Beef,0.75,0,20,0.25,0.6333333333333333,1.0
UWaveGestureLibraryY,0.25,10,5,0.75,0.6024567280848688,0.5551276682981596
Fish,0.25,10,5,0.5,0.9028571428571428,0.5031239446133063
MoteStrain,0.75,0,20,0.25,0.8913738019169329,1.0
UWaveGestureLibraryX,0.75,0,20,0.75,0.8115577889447236,1.0
TwoLeadECG,0.75,0,20,0.5,0.9947322212467077,1.0
SyntheticControl,0.5,10,5,0.25,0.94,0.40452137904468416
FiftyWords,0.5,0,20,0.5,0.7758241758241758,1.0
ECG200,0.25,10,5,0.5,0.64,0.0009320175438596492
GunPoint,0.25,10,5,0.25,0.5066666666666667,0.0
FaceFour,0.5,0,20,0.75,0.9090909090909091,1.0
Trace,0.25,10,5,0.25,0.72,0.21437804136253044
WordSynonyms,0.25,10,5,0.75,0.5924764890282131,1.0
FiftyWords,0.75,0,20,0.75,0.7692307692307693,1.0
FaceFour,0.75,0,20,0.75,0.8522727272727273,1.0
NonInvasiveFatalECGThorax1,0.5,0,20,0.25,0.9460559796437659,1.0
InlineSkate,0.5,0,20,0.25,0.26181818181818184,1.0
Lightning7,0.75,0,20,0.5,0.8493150684931506,1.0
Wafer,0.5,0,20,0.25,0.9969175859831279,1.0
Yoga,0.25,0,20,0.5,0.5356666666666666,0.0
FaceFour,0.25,10,5,0.25,0.5340909090909091,0.17224808978032474
ChlorineConcentration,0.75,0,20,0.75,0.5661458333333333,1.0
MoteStrain,0.25,10,5,0.25,0.810702875399361,0.262626547858099
FaceFour,0.25,10,5,0.5,0.6590909090909091,0.20646042263610315
CricketX,0.25,10,5,0.5,0.7230769230769231,0.5086847029781812
ECG200,0.25,10,5,0.75,0.64,0.0
FacesUCR,0.75,0,20,0.75,0.937560975609756,1.0
OliveOil,0.75,0,20,0.25,0.16666666666666666,1.0
SonyAIBORobotSurface1,0.25,10,5,0.5,0.8935108153078203,0.15097916666666666
SonyAIBORobotSurface1,0.25,10,5,0.75,0.8985024958402662,0.17886684782608694
Symbols,0.75,0,20,0.5,0.9266331658291457,1.0
UWaveGestureLibraryX,0.25,10,5,0.5,0.7763819095477387,1.0
MoteStrain,0.25,10,5,0.75,0.46086261980830673,0.0
UWaveGestureLibraryY,0.25,0,20,0.75,0.7185929648241206,1.0
Lightning7,0.75,0,20,0.75,0.8356164383561644,1.0
FacesUCR,0.25,0,20,0.75,0.9360975609756098,1.0
Coffee,0.25,0,20,0.75,0.4642857142857143,0.0
Lightning7,0.5,0,20,0.75,0.8356164383561644,1.0
Lightning7,0.25,10,5,0.25,0.821917808219178,0.7078638190076869
SwedishLeaf,0.25,10,5,0.75,0.9056,1.0
CinCECGTorso,0.5,0,20,0.5,0.6673913043478261,1.0
OliveOil,0.25,10,5,0.75,0.4,0.0
FacesUCR,0.5,0,20,0.75,0.9321951219512196,1.0
ItalyPowerDemand,0.75,0,20,0.75,0.9358600583090378,1.0
ItalyPowerDemand,0.25,0,5,0.25,0.49854227405247814,0.00011988491048593351
Lightning2,0.75,0,20,0.75,0.8032786885245902,1.0
Trace,0.5,0,20,0.75,1.0,1.0
UWaveGestureLibraryX,0.25,0,20,0.75,0.8076493579006142,1.0
UWaveGestureLibraryZ,0.25,10,5,0.25,0.6931881630374093,0.5804736057247791
NonInvasiveFatalECGThorax2,0.5,0,20,0.5,0.9379134860050891,1.0
FacesUCR,0.5,0,20,0.5,0.9385365853658536,1.0
Coffee,0.5,10,5,0.25,0.9642857142857143,0.28571428571428575
FiftyWords,0.5,0,20,0.25,0.7758241758241758,1.0
CricketY,0.25,10,5,0.25,0.7153846153846154,1.0
Wafer,0.5,10,5,0.25,0.9914016872160935,0.20213908991602378
CricketZ,0.5,0,20,0.5,0.7743589743589744,1.0
Beef,0.75,0,20,0.75,0.6,1.0
UWaveGestureLibraryZ,0.5,0,20,0.75,0.7518146286990508,1.0
UWaveGestureLibraryY,0.75,0,20,0.25,0.7213847012841987,1.0
Wafer,0.75,0,20,0.5,0.9978909798831928,1.0
OliveOil,0.25,10,5,0.25,0.4,0.0
ItalyPowerDemand,0.25,10,5,0.25,0.5014577259475219,0.00011988491048593351
Mallat,0.5,10,5,0.25,0.8904051172707889,1.0
UWaveGestureLibraryX,0.5,0,20,0.5,0.8112786152987158,1.0
TwoPatterns,0.75,0,20,0.75,0.99875,1.0
InlineSkate,0.75,0,20,0.25,0.2509090909090909,1.0
SonyAIBORobotSurface2,0.25,0,20,0.75,0.869884575026233,0.30439110471491226
TwoPatterns,0.5,0,20,0.25,0.99875,1.0
Mallat,0.75,0,20,0.25,0.9616204690831557,1.0
InlineSkate,0.25,0,20,0.75,0.2581818181818182,0.1330518656089986
OliveOil,0.5,10,5,0.25,0.4,0.059871118922085534
ECG200,0.75,0,20,0.25,0.87,1.0
CricketY,0.5,0,20,0.25,0.7333333333333333,1.0
FaceAll,0.25,10,5,0.75,0.8710059171597633,0.3842061828840675
SwedishLeaf,0.25,10,5,0.25,0.936,1.0
CricketZ,0.75,0,20,0.75,0.7538461538461538,1.0
CinCECGTorso,0.5,0,20,0.75,0.6333333333333333,1.0
DiatomSizeReduction,0.75,0,20,0.75,0.9640522875816994,1.0
CricketY,0.5,0,20,0.5,0.7230769230769231,1.0
UWaveGestureLibraryZ,0.25,0,20,0.75,0.756002233389168,1.0
Beef,0.5,0,20,0.75,0.5333333333333333,1.0
Coffee,0.5,0,20,0.75,0.9642857142857143,0.2800751879699248
Yoga,0.25,10,5,0.5,0.5353333333333333,7.934024673699267e-06
CricketX,0.25,0,20,0.5,0.7871794871794872,1.0
